{
  "applications": {
    "gecko": {
      "id": "githublisten1@gmail.com",
      "strict_min_version": "45.0"
    }
  },
  "background": {
    "scripts": [
      "js/vendor/axios.min.js",
      "js/github.js",
      "js/background.js",
      "js/vendor/howler.core.min.js",
      "js/bridge.js",
      "js/player_thread.js"
    ],
    "persistent": true
  },
  "browser_action": {
    "default_icon": "images/logo.png",
    "default_title": "Listen 1"
  },
  "description": "One for all free music in China",
  "icons": {
    "128": "images/logo.png",
    "16": "images/logo_16.png",
    "48": "images/logo_48.png"
  },
  "manifest_version": 2,
  "name": "Listen 1",
  "permissions": [
    "notifications",
    "unlimitedStorage",
    "downloads",
    "storage",
    "contextMenus",
    "tabs",
    "cookies",
    "*://music.163.com/*",
    "*://*.music.163.com/*",
    "*://*.xiami.com/*",
    "*://*.qq.com/*",
    "*://*.kugou.com/",
    "*://*.kuwo.cn/",
    "*://*.bilibili.com/*",
    "*://*.bilivideo.com/*",
    "*://*.migu.cn/*",
    "*://*.taihe.com/*",
    "*://api.github.com/*",
    "*://github.com/*",
    "*://gist.githubusercontent.com/*",
    "webRequest",
    "webRequestBlocking"
  ],
  "version": "2.22.1",
  "web_accessible_resources": ["images/*"],
  "content_scripts": [
    {
      "matches": ["https://listen1.github.io/listen1/*"],
      "js": ["js/oauth_callback.js"]
    }
  ]
}
